TDSFU Daily run: Sun Oct 19 05:58:01 UTC 2025 TDSFU
TDSFU Daily run: Mon Oct 20 04:37:26 UTC 2025 TDSFU
TDSFU Daily run: Tue Oct 21 04:35:07 UTC 2025 TDSFU
TDSFU Daily run: Wed Oct 22 04:35:45 UTC 2025 TDSFU
TDSFU Daily run: Thu Oct 23 04:34:34 UTC 2025 TDSFU
TDSFU Daily run: Fri Oct 24 04:34:13 UTC 2025 TDSFU
TDSFU Daily run: Sat Oct 25 04:33:32 UTC 2025 TDSFU
TDSFU Daily run: Sun Oct 26 04:33:45 UTC 2025 TDSFU
TDSFU Daily run: Mon Oct 27 04:42:22 UTC 2025 TDSFU
TDSFU Daily run: Tue Oct 28 04:35:21 UTC 2025 TDSFU
TDSFU Daily run: Wed Oct 29 04:40:58 UTC 2025 TDSFU
TDSFU Daily run: Thu Oct 30 04:34:47 UTC 2025 TDSFU
TDSFU Daily run: Fri Oct 31 04:37:09 UTC 2025 TDSFU
TDSFU Daily run: Sat Nov  1 04:33:01 UTC 2025 TDSFU
TDSFU Daily run: Sun Nov  2 04:34:50 UTC 2025 TDSFU
TDSFU Daily run: Mon Nov  3 04:41:45 UTC 2025 TDSFU
TDSFU Daily run: Tue Nov  4 04:35:27 UTC 2025 TDSFU
TDSFU Daily run: Wed Nov  5 04:35:38 UTC 2025 TDSFU
TDSFU Daily run: Thu Nov  6 04:41:08 UTC 2025 TDSFU
TDSFU Daily run: Fri Nov  7 04:35:18 UTC 2025 TDSFU
TDSFU Daily run: Sat Nov  8 04:33:51 UTC 2025 TDSFU
TDSFU Daily run: Sun Nov  9 04:34:27 UTC 2025 TDSFU
TDSFU Daily run: Mon Nov 10 04:40:21 UTC 2025 TDSFU
TDSFU Daily run: Tue Nov 11 04:37:51 UTC 2025 TDSFU
TDSFU Daily run: Wed Nov 12 04:37:41 UTC 2025 TDSFU
TDSFU Daily run: Thu Nov 13 04:39:13 UTC 2025 TDSFU
TDSFU Daily run: Fri Nov 14 04:36:47 UTC 2025 TDSFU
TDSFU Daily run: Sat Nov 15 04:34:31 UTC 2025 TDSFU
TDSFU Daily run: Sun Nov 16 04:38:31 UTC 2025 TDSFU
TDSFU Daily run: Mon Nov 17 04:40:49 UTC 2025 TDSFU
TDSFU Daily run: Tue Nov 18 04:36:57 UTC 2025 TDSFU
TDSFU Daily run: Wed Nov 19 04:37:20 UTC 2025 TDSFU
TDSFU Daily run: Thu Nov 20 04:35:27 UTC 2025 TDSFU
TDSFU Daily run: Fri Nov 21 04:36:57 UTC 2025 TDSFU
TDSFU Daily run: Sat Nov 22 04:34:21 UTC 2025 TDSFU
TDSFU Daily run: Sun Nov 23 04:45:20 UTC 2025 TDSFU
TDSFU Daily run: Mon Nov 24 04:46:30 UTC 2025 TDSFU
TDSFU Daily run: Tue Nov 25 04:40:31 UTC 2025 TDSFU
TDSFU Daily run: Wed Nov 26 04:40:32 UTC 2025 TDSFU
TDSFU Daily run: Thu Nov 27 04:38:53 UTC 2025 TDSFU
TDSFU Daily run: Fri Nov 28 04:38:05 UTC 2025 TDSFU
TDSFU Daily run: Sat Nov 29 04:36:27 UTC 2025 TDSFU
TDSFU Daily run: Sun Nov 30 04:46:53 UTC 2025 TDSFU
TDSFU Daily run: Mon Dec  1 04:58:01 UTC 2025 TDSFU
TDSFU Daily run: Tue Dec  2 04:44:20 UTC 2025 TDSFU
TDSFU Daily run: Wed Dec  3 04:42:12 UTC 2025 TDSFU
TDSFU Daily run: Thu Dec  4 04:43:27 UTC 2025 TDSFU
TDSFU Daily run: Fri Dec  5 04:42:53 UTC 2025 TDSFU
TDSFU Daily run: Sat Dec  6 04:34:55 UTC 2025 TDSFU
TDSFU Daily run: Sun Dec  7 04:44:49 UTC 2025 TDSFU
TDSFU Daily run: Mon Dec  8 04:46:12 UTC 2025 TDSFU
